8b767faf-a02d-480b-868c-468270f26e62,asdas,b9f8636a-6039-11e4-aa15-123b93f75cba,10febf36-6041-11e4-aa15-123b93f75cba
134b58c7-3be3-4914-b053-4762f729955e,asd,b9f84a88-6039-11e4-aa15-123b93f75cba,10febf36-6041-11e4-aa15-123b93f75cba
8cc98ac3-a276-4ec6-b6db-cd417723bcc9,asdasd,b9f84a88-6039-11e4-aa15-123b93f75cba,10febf36-6041-11e4-aa15-123b93f75cba
5b671fe5-9656-437e-b07d-6539941337e4,asdb9f84d44-6039-11e4-aa15-123b93f75cba,b9f84d44-6039-11e4-aa15-123b93f75cba,10febf36-6041-11e4-aa15-123b93f75cba
3ec57d1d-822d-4cac-b54a-292c934a76c3,sdasdffdg,b9f8636a-6039-11e4-aa15-123b93f75cba,10febf36-6041-11e4-aa15-123b93f75cba
41dbbb67-0160-4e1a-bc02-519f24c02c1c,ASAs,b9f8636a-6039-11e4-aa15-123b93f75cba,10febf36-6041-11e4-aa15-123b93f75cba
6d902bac-e783-4efc-9e97-c5746ba739b1,sdfggsdfg,997483276,10febf36-6041-11e4-aa15-123b93f75cba
73f87c42-4df6-4885-b574-8ac3679b23f8,asd,997483276,10febf36-6041-11e4-aa15-123b93f75cba
add67317-1090-4963-a947-a9be4baac51e,gfhj,997483276,10febf36-6041-11e4-aa15-123b93f75cba
cafe835e-7044-490a-837f-784513a4f867,fsdfsd,997483276,10febf36-6041-11e4-aa15-123b93f75cba
17814884-5a92-4b70-8627-5df7017b98fc,asdfsdf,997483276,10febf36-6041-11e4-aa15-123b93f75cba
9a2fee40-ea87-4809-9e6e-7f894afead4c,sad,997483276,10fec6fc-6041-11e4-aa15-123b93f75cba
2f59b94f-f1de-4e16-85cb-9a2eb60d1b05,sdf,997483276,10febf36-6041-11e4-aa15-123b93f75cba
1893ccd3-4ba7-4bd4-b7b2-c33934bb9faa,dfg,997483276,10febf36-6041-11e4-aa15-123b93f75cba
9f9ad6cf-289b-47e0-ac8b-da759bbdad6c,sdas,997483276,10febf36-6041-11e4-aa15-123b93f75cba
6a198be6-94d6-48f1-9e50-04e17d037a57,dfg,997483276,10febf36-6041-11e4-aa15-123b93f75cba
3e4d426c-2eb7-46e2-83f5-c60f97cfc688,dfsdf,997483276,10febf36-6041-11e4-aa15-123b93f75cba
bfe3bfe8-580b-4db8-bbde-b430e85b30e8,Oliver,997483276,10feda7a-6041-11e4-aa15-123b93f75cba
5b3eb3b0-604e-46c4-8060-d073aee7be11,Oliver,997483276,10feda7a-6041-11e4-aa15-123b93f75cba
000fc7c2-7229-4b6c-ac22-50128a6dae7b,Oliver,997483276,10feda7a-6041-11e4-aa15-123b93f75cba
000b8f1f-55a5-4d77-8dec-04f85f6a62a1,Oliver,997483276,10feda7a-6041-11e4-aa15-123b93f75cba
353ed4bc-36f3-478b-af48-805bf9da522f,Oliver,997483276,10fed4e4-6041-11e4-aa15-123b93f75cba
10afe335-cdc8-42e7-b82d-c94792187034,Oliver,997483276,10fed12e-6041-11e4-aa15-123b93f75cba
0daa1a9c-3738-4229-bfdf-0dfdeee30eef,gfh,997483276,10febf36-6041-11e4-aa15-123b93f75cba
7825ad0d-359f-4a00-b948-bd51c524398c,sasd,997483276,10febf36-6041-11e4-aa15-123b93f75cba
684c4df9-4b84-403e-8538-2e9e0aa22cfe,dgfh,997483276,10febf36-6041-11e4-aa15-123b93f75cba
ec344756-9d29-45a4-b097-654c0a915b1c,sdasd,997483276,10febf36-6041-11e4-aa15-123b93f75cba
31e4deab-6d05-421f-8cfc-f424c6e6ed4c,sd,997483276,10febf36-6041-11e4-aa15-123b93f75cba
288a8f87-38db-412e-932b-dab8f1e5a68a,as,997483276,10febf36-6041-11e4-aa15-123b93f75cba
2abc9e2d-de21-4904-8de5-d6760c5ac7f6,as,997483276,10febf36-6041-11e4-aa15-123b93f75cba
d8ddf87a-7e97-47e2-8afe-7bcfe24b1943,dsfsdf,997483276,10fed12e-6041-11e4-aa15-123b93f75cba
7e97589d-dbc5-4f4f-8f4d-d564753db616,joj,997483276,10febf36-6041-11e4-aa15-123b93f75cba
71f31515-86b0-481e-8b5b-20ed22fff58e,joj,997483276,10febf36-6041-11e4-aa15-123b93f75cba
8ef389a0-7908-47f7-a710-fa45e8fe58d2,joj,997483276,10febf36-6041-11e4-aa15-123b93f75cba